Workbook

Sheet راهنما
A1: 📅 تقویم محتوایی و داشبورد رشد — تیم ۶ نفره اینستاگرام (نسخه ۱۳ سپتامبر ۲۰۲۶)
A3: شیت | B3: کاربرد
A4: تقویم محتوایی | B4: ۲۸ روز برنامه اجرایی: روز، ساعت، فرمت، ستون، هوک، CTA، هشتگ، وضعیت تولید
A5: مخزن ایده | B5: ایده‌ها با امتیازدهی ICE-S. فرمول خودش جمع می‌زند و حکم می‌دهد (۷۵+ = ورود به تقویم)
A6: ثبت عملکرد | B6: عدد هر پست را وارد کنید. ستون‌های محاسبه‌شده (ER، Sends/Reach، Watch Ratio) خودکار پر می‌شوند
A7: داشبورد KPI | B7: سه سیگنال رسمی + قیف تبدیل + وضعیت سلامت. خودکار از شیت ثبت عملکرد می‌خواند
A8: SEO و هشتگ | B8: نقشه کلمات کلیدی: کجا باید ظاهر شوند (نام پروفایل، بیو، کپشن، Alt)
A9: حسابرسی پیج | B9: چک‌لیست ۷ بخشی. ستون وضعیت را پر کنید، امتیاز سلامت خودکار حساب می‌شود
A11: ⚠️ نکته مهم | B11: هیچ بنچمارکی در این فایل عدد رسمی اینستاگرام نیست. آستانه‌ها تجربی‌اند و باید با خط پایه پیج خودتان مقایسه شوند.
A13: سه سیگنال رسمی (تنها چیزی که Instagram رسماً اعلام کرده)
A14: ۱. Watch time | B14: میانگین زمان تماشا — سیگنال شماره یک در همه سطح‌ها
A15: ۲. Sends per reach | B15: ارسال دایرکت تقسیم بر ریچ — قوی‌ترین سیگنال برای رسیدن به مخاطب جدید
A16: ۳. Likes per reach | B16: لایک تقسیم بر ریچ — بیشتر برای فالوورهای فعلی مهم است
A18: تیم مسئول
A19: رادین | B19: الگوریتم، صلاحیت توصیه، بنچمارک رقبا
A20: سارینا | B20: استراتژی، پرسونا، ستون محتوا، KPI
A21: آرمان | B21: ایده‌پردازی و سریال‌سازی
A22: نیکی | B22: سناریو، کپشن، هوک، CTA
A23: مهراد | B23: تقویم، کدنسی، سئو، آزمایش
A24: دانیال | B24: آنالیز، حسابرسی، نقشه اصلاح

Sheet تقویم محتوایی
A1: 🗓️ تقویم محتوایی ۲۸ روزه — قالب اجرایی (محتوا را با نیچ خودتان پر کنید)
A2: # | B2: تاریخ | C2: روز | D2: ساعت | E2: فرمت | F2: طول | G2: ستون محتوا | H2: پرسونا | I2: عنوان پست | J2: هوک (۳ ثانیه اول) | K2: CTA | L2: هشتگ (حداکثر ۵) | M2: هدف قیف | N2: وضعیت تولید | O2: مسئول | P2: یادداشت
A3: 1 | B3: 2026-09-14 | C3: شنبه | D3: ۲۰:۳۰ | E3: ریلز | F3: ۲۰–۳۰s | G3: آموزشی | M3: TOFU | N3: ⬜ ایده | O3: نیکی | P3: آموزش سریع
A4: 2 | B4: 2026-09-15 | C4: یکشنبه | D4: ۱۳:۳۰ | E4: کاروسل | F4: ۸ اسلاید | G4: آموزشی | M4: MOFU | N4: ⬜ ایده | O4: نیکی | P4: چک‌لیست مرجع
A5: 3 | B5: 2026-09-16 | C5: دوشنبه | D5: ۱۰:۰۰ | E5: استوری | F5: ۵ فریم | G5: برند | M5: MOFU | N5: ⬜ ایده | O5: نیکی | P5: پشت‌صحنه
A6: 4 | B6: 2026-09-17 | C6: سه‌شنبه | D6: ۲۰:۳۰ | E6: ریلز | F6: ۱۵–۲۵s | G6: اختلافی | M6: TOFU | N6: ⬜ ایده | O6: نیکی | P6: باور غلط
A7: 5 | B7: 2026-09-18 | C7: چهارشنبه | D7: ۱۳:۳۰ | E7: کاروسل | F7: ۱۰ اسلاید | G7: اثبات اجتماعی | M7: MOFU | N7: ⬜ ایده | O7: نیکی | P7: کیس واقعی
A8: 6 | B8: 2026-09-19 | C8: پنجشنبه | D8: ۲۰:۳۰ | E8: ریلز | F8: ۳۰–۴۵s | G8: کامیونیتی | M8: TOFU | N8: ⬜ ایده | O8: نیکی | P8: پاسخ به دایرکت
A9: 7 | B9: 2026-09-20 | C9: جمعه | D9: ۱۱:۰۰ | E9: استوری | F9: ۳ فریم | G9: فروش | M9: BOFU | N9: ⬜ ایده | O9: نیکی | P9: فروش نرم
A10: 8 | B10: 2026-09-21 | C10: شنبه | D10: ۲۰:۳۰ | E10: ریلز | F10: ۲۰–۳۰s | G10: آموزشی | M10: TOFU | N10: ⬜ ایده | O10: نیکی | P10: آموزش سریع
A11: 9 | B11: 2026-09-22 | C11: یکشنبه | D11: ۱۳:۳۰ | E11: کاروسل | F11: ۸ اسلاید | G11: آموزشی | M11: MOFU | N11: ⬜ ایده | O11: نیکی | P11: چک‌لیست مرجع
A12: 10 | B12: 2026-09-23 | C12: دوشنبه | D12: ۱۰:۰۰ | E12: استوری | F12: ۵ فریم | G12: برند | M12: MOFU | N12: ⬜ ایده | O12: نیکی | P12: پشت‌صحنه
A13: 11 | B13: 2026-09-24 | C13: سه‌شنبه | D13: ۲۰:۳۰ | E13: ریلز | F13: ۱۵–۲۵s | G13: اختلافی | M13: TOFU | N13: ⬜ ایده | O13: نیکی | P13: باور غلط
A14: 12 | B14: 2026-09-25 | C14: چهارشنبه | D14: ۱۳:۳۰ | E14: کاروسل | F14: ۱۰ اسلاید | G14: اثبات اجتماعی | M14: MOFU | N14: ⬜ ایده | O14: نیکی | P14: کیس واقعی
... A30: 28 | B30: 2026-10-11 | C30: جمعه | D30: ۱۱:۰۰ | E30: استوری | F30: ۳ فریم | G30: فروش | M30: BOFU | N30: ⬜ ایده | O30: نیکی | P30: فروش نرم

Sheet مخزن ایده
A1: 💡 مخزن ایده — امتیازدهی ICE-S (آستانه ورود به تقویم: ۷۵)
A2: # | B2: ایده | C2: ستون | D2: پرسونا | E2: فرمت | F2: ماتریس خلاقیت | G2: I اثر (۰–۱۰) | H2: C اطمینان (۰–۱۰) | I2: E سهولت (۰–۱۰) | J2: S ارسال‌پذیری (۰–۱۰) | K2: امتیاز از ۱۰۰ | L2: حکم | M2: هوک پیشنهادی | N2: چرا می‌فرستندش
A3: 1 | B3: سه اشتباهی که در ۳۰ روز اول [کار] نتیجه را از بین می‌برد | C3: آموزشی | E3: ریلز | F3: باور غلط | G3: 8 | H3: 7 | I3: 6 | J3: 9 | K3: =(G3*0.3+H3*0.2+I3*0.2+J3*0.3)*10 | L3: =IF(K3>=75,"✅ ورود به تقویم",IF(K3>=60,"🟡 ذخیره در backlog","❌ رد"))
A4: 2 | B4: چک‌لیست کامل [کار] — نسخه قابل چاپ | C4: آموزشی | E4: کاروسل | F4: عدد و داده | G4: 8 | H4: 7 | I4: 6 | J4: 9 | K4: =(G4*0.3+H4*0.2+I4*0.2+J4*0.3)*10 | L4: =IF(K4>=75,"✅ ورود به تقویم",IF(K4>=60,"🟡 ذخیره در backlog","❌ رد"))
A5: 3 | B5: چیزی که [حرفه‌ای‌ها] درباره [موضوع] نمی‌گویند | C5: اختلافی | E5: ریلز | F5: باور غلط | G5: 8 | H5: 7 | I5: 6 | J5: 9 | K5: =(G5*0.3+H5*0.2+I5*0.2+J5*0.3)*10 | L5: =IF(K5>=75,"✅ ورود به تقویم",IF(K5>=60,"🟡 ذخیره در backlog","❌ رد"))
A6: 4 | B6: کیس واقعی: از [قبل] به [بعد] در [مدت] | C6: اثبات اجتماعی | E6: کاروسل | F6: قبل/بعد | G6: 8 | H6: 7 | I6: 6 | J6: 9 | K6: =(G6*0.3+H6*0.2+I6*0.2+J6*0.3)*10 | L6: =IF(K6>=75,"✅ ورود به تقویم",IF(K6>=60,"🟡 ذخیره در backlog","❌ رد"))
A7: 5 | B7: پاسخ به پرتکرارترین سوال دایرکت ما | C7: کامیونیتی | E7: ریلز | F7: سوال پرتکرار | G7: 8 | H7: 7 | I7: 6 | J7: 9 | K7: =(G7*0.3+H7*0.2+I7*0.2+J7*0.3)*10 | L7: =IF(K7>=75,"✅ ورود به تقویم",IF(K7>=60,"🟡 ذخیره در backlog","❌ رد"))
A8: 6 | K8: =IF(COUNT(G8:J8)=0,"",(G8*0.3+H8*0.2+I8*0.2+J8*0.3)*10) | L8: =IF(K8="","",IF(K8>=75,"✅ ورود به تقویم",IF(K8>=60,"🟡 ذخیره","❌ رد")))
A9: 7 | K9: =IF(COUNT(G9:J9)=0,"",(G9*0.3+H9*0.2+I9*0.2+J9*0.3)*10) | L9: =IF(K9="","",IF(K9>=75,"✅ ورود به تقویم",IF(K9>=60,"🟡 ذخیره","❌ رد")))
A10: 8 | K10: =IF(COUNT(G10:J10)=0,"",(G10*0.3+H10*0.2+I10*0.2+J10*0.3)*10) | L10: =IF(K10="","",IF(K10>=75,"✅ ورود به تقویم",IF(K10>=60,"🟡 ذخیره","❌ رد")))
A11: 9 | K11: =IF(COUNT(G11:J11)=0,"",(G11*0.3+H11*0.2+I11*0.2+J11*0.3)*10) | L11: =IF(K11="","",IF(K11>=75,"✅ ورود به تقویم",IF(K11>=60,"🟡 ذخیره","❌ رد")))
A12: 10 | K12: =IF(COUNT(G12:J12)=0,"",(G12*0.3+H12*0.2+I12*0.2+J12*0.3)*10) | L12: =IF(K12="","",IF(K12>=75,"✅ ورود به تقویم",IF(K12>=60,"🟡 ذخیره","❌ رد")))
A13: 11 | K13: =IF(COUNT(G13:J13)=0,"",(G13*0.3+H13*0.2+I13*0.2+J13*0.3)*10) | L13: =IF(K13="","",IF(K13>=75,"✅ ورود به تقویم",IF(K13>=60,"🟡 ذخیره","❌ رد")))
A14: 12 | K14: =IF(COUNT(G14:J14)=0,"",(G14*0.3+H14*0.2+I14*0.2+J14*0.3)*10) | L14: =IF(K14="","",IF(K14>=75,"✅ ورود به تقویم",IF(K14>=60,"🟡 ذخیره","❌ رد")))
A15: 13 | K15: =IF(COUNT(G15:J15)=0,"",(G15*0.3+H15*0.2+I15*0.2+J15*0.3)*10) | L15: =IF(K15="","",IF(K15>=75,"✅ ورود به تقویم",IF(K15>=60,"🟡 ذخیره","❌ رد")))
A16: 14 | K16: =IF(COUNT(G16:J16)=0,"",(G16*0.3+H16*0.2+I16*0.2+J16*0.3)*10) | L16: =IF(K16="","",IF(K16>=75,"✅ ورود به تقویم",IF(K16>=60,"🟡 ذخیره","❌ رد")))
A17: 15 | K17: =IF(COUNT(G17:J17)=0,"",(G17*0.3+H17*0.2+I17*0.2+J17*0.3)*10) | L17: =IF(K17="","",IF(K17>=75,"✅ ورود به تقویم",IF(K17>=60,"🟡 ذخیره","❌ رد")))
A18: 16 | K18: =IF(COUNT(G18:J18)=0,"",(G18*0.3+H18*0.2+I18*0.2+J18*0.3)*10) | L18: =IF(K18="","",IF(K18>=75,"✅ ورود به تقویم",IF(K18>=60,"🟡 ذخیره","❌ رد")))
A19: 17 | K19: =IF(COUNT(G19:J19)=0,"",(G19*0.3+H19*0.2+I19*0.2+J19*0.3)*10) | L19: =IF(K19="","",IF(K19>=75,"✅ ورود به تقویم",IF(K19>=60,"🟡 ذخیره","❌ رد")))
... A32: 30 | K32: =IF(COUNT(G32:J32)=0,"",(G32*0.3+H32*0.2+I32*0.2+J32*0.3)*10) | L32: =IF(K32="","",IF(K32>=75,"✅ ورود به تقویم",IF(K32>=60,"🟡 ذخیره","❌ رد")))

Sheet ثبت عملکرد
A1: 📈 ثبت عملکرد — ستون‌های ۱۶ تا ۲۱ خودکار محاسبه می‌شوند
A2: # | B2: تاریخ | C2: عنوان پست | D2: فرمت | E2: ستون | F2: طول (ثانیه) | G2: Reach | H2: Views | I2: لایک | J2: کامنت | K2: ذخیره | L2: ارسال (Sends) | M2: میانگین زمان تماشا (ثانیه) | N2: بازدید پروفایل | O2: فالوور جدید | P2: ER بر Reach ٪ | Q2: Sends per Reach ٪ | R2: Likes per Reach ٪ | S2: Saves per Reach ٪ | T2: Watch Time Ratio ٪ | U2: حکم
A3: 1 | P3: =IF(G3=0,"",ROUND((I3+J3+K3+L3)/G3*100,2)) | Q3: =IF(G3=0,"",ROUND(L3/G3*100,2)) | R3: =IF(G3=0,"",ROUND(I3/G3*100,2)) | S3: =IF(G3=0,"",ROUND(K3/G3*100,2)) | T3: =IF(OR(F3=0,M3=""),"",ROUND(M3/F3*100,1)) | U3: =IF(Q3="","",IF(Q3>=1,"🔥 قوی",IF(Q3>=0.5,"🟢 نرمال","🔴 ضعیف")))
A4: 2 | P4: =IF(G4=0,"",ROUND((I4+J4+K4+L4)/G4*100,2)) | Q4: =IF(G4=0,"",ROUND(L4/G4*100,2)) | R4: =IF(G4=0,"",ROUND(I4/G4*100,2)) | S4: =IF(G4=0,"",ROUND(K4/G4*100,2)) | T4: =IF(OR(F4=0,M4=""),"",ROUND(M4/F4*100,1)) | U4: =IF(Q4="","",IF(Q4>=1,"🔥 قوی",IF(Q4>=0.5,"🟢 نرمال","🔴 ضعیف")))
A5: 3 | P5: =IF(G5=0,"",ROUND((I5+J5+K5+L5)/G5*100,2)) | Q5: =IF(G5=0,"",ROUND(L5/G5*100,2)) | R5: =IF(G5=0,"",ROUND(I5/G5*100,2)) | S5: =IF(G5=0,"",ROUND(K5/G5*100,2)) | T5: =IF(OR(F5=0,M5=""),"",ROUND(M5/F5*100,1)) | U5: =IF(Q5="","",IF(Q5>=1,"🔥 قوی",IF(Q5>=0.5,"🟢 نرمال","🔴 ضعیف")))
A6: 4 | P6: =IF(G6=0,"",ROUND((I6+J6+K6+L6)/G6*100,2)) | Q6: =IF(G6=0,"",ROUND(L6/G6*100,2)) | R6: =IF(G6=0,"",ROUND(I6/G6*100,2)) | S6: =IF(G6=0,"",ROUND(K6/G6*100,2)) | T6: =IF(OR(F6=0,M6=""),"",ROUND(M6/F6*100,1)) | U6: =IF(Q6="","",IF(Q6>=1,"🔥 قوی",IF(Q6>=0.5,"🟢 نرمال","🔴 ضعیف")))
A7: 5 | P7: =IF(G7=0,"",ROUND((I7+J7+K7+L7)/G7*100,2)) | Q7: =IF(G7=0,"",ROUND(L7/G7*100,2)) | R7: =IF(G7=0,"",ROUND(I7/G7*100,2)) | S7: =IF(G7=0,"",ROUND(K7/G7*100,2)) | T7: =IF(OR(F7=0,M7=""),"",ROUND(M7/F7*100,1)) | U7: =IF(Q7="","",IF(Q7>=1,"🔥 قوی",IF(Q7>=0.5,"🟢 نرمال","🔴 ضعیف")))
A8: 6 | P8: =IF(G8=0,"",ROUND((I8+J8+K8+L8)/G8*100,2)) | Q8: =IF(G8=0,"",ROUND(L8/G8*100,2)) | R8: =IF(G8=0,"",ROUND(I8/G8*100,2)) | S8: =IF(G8=0,"",ROUND(K8/G8*100,2)) | T8: =IF(OR(F8=0,M8=""),"",ROUND(M8/F8*100,1)) | U8: =IF(Q8="","",IF(Q8>=1,"🔥 قوی",IF(Q8>=0.5,"🟢 نرمال","🔴 ضعیف")))
A9: 7 | P9: =IF(G9=0,"",ROUND((I9+J9+K9+L9)/G9*100,2)) | Q9: =IF(G9=0,"",ROUND(L9/G9*100,2)) | R9: =IF(G9=0,"",ROUND(I9/G9*100,2)) | S9: =IF(G9=0,"",ROUND(K9/G9*100,2)) | T9: =IF(OR(F9=0,M9=""),"",ROUND(M9/F9*100,1)) | U9: =IF(Q9="","",IF(Q9>=1,"🔥 قوی",IF(Q9>=0.5,"🟢 نرمال","🔴 ضعیف")))
A10: 8 | P10: =IF(G10=0,"",ROUND((I10+J10+K10+L10)/G10*100,2)) | Q10: =IF(G10=0,"",ROUND(L10/G10*100,2)) | R10: =IF(G10=0,"",ROUND(I10/G10*100,2)) | S10: =IF(G10=0,"",ROUND(K10/G10*100,2)) | T10: =IF(OR(F10=0,M10=""),"",ROUND(M10/F10*100,1)) | U10: =IF(Q10="","",IF(Q10>=1,"🔥 قوی",IF(Q10>=0.5,"🟢 نرمال","🔴 ضعیف")))
A11: 9 | P11: =IF(G11=0,"",ROUND((I11+J11+K11+L11)/G11*100,2)) | Q11: =IF(G11=0,"",ROUND(L11/G11*100,2)) | R11: =IF(G11=0,"",ROUND(I11/G11*100,2)) | S11: =IF(G11=0,"",ROUND(K11/G11*100,2)) | T11: =IF(OR(F11=0,M11=""),"",ROUND(M11/F11*100,1)) | U11: =IF(Q11="","",IF(Q11>=1,"🔥 قوی",IF(Q11>=0.5,"🟢 نرمال","🔴 ضعیف")))
A12: 10 | P12: =IF(G12=0,"",ROUND((I12+J12+K12+L12)/G12*100,2)) | Q12: =IF(G12=0,"",ROUND(L12/G12*100,2)) | R12: =IF(G12=0,"",ROUND(I12/G12*100,2)) | S12: =IF(G12=0,"",ROUND(K12/G12*100,2)) | T12: =IF(OR(F12=0,M12=""),"",ROUND(M12/F12*100,1)) | U12: =IF(Q12="","",IF(Q12>=1,"🔥 قوی",IF(Q12>=0.5,"🟢 نرمال","🔴 ضعیف")))
A13: 11 | P13: =IF(G13=0,"",ROUND((I13+J13+K13+L13)/G13*100,2)) | Q13: =IF(G13=0,"",ROUND(L13/G13*100,2)) | R13: =IF(G13=0,"",ROUND(I13/G13*100,2)) | S13: =IF(G13=0,"",ROUND(K13/G13*100,2)) | T13: =IF(OR(F13=0,M13=""),"",ROUND(M13/F13*100,1)) | U13: =IF(Q13="","",IF(Q13>=1,"🔥 قوی",IF(Q13>=0.5,"🟢 نرمال","🔴 ضعیف")))
A14: 12 | P14: =IF(G14=0,"",ROUND((I14+J14+K14+L14)/G14*100,2)) | Q14: =IF(G14=0,"",ROUND(L14/G14*100,2)) | R14: =IF(G14=0,"",ROUND(I14/G14*100,2)) | S14: =IF(G14=0,"",ROUND(K14/G14*100,2)) | T14: =IF(OR(F14=0,M14=""),"",ROUND(M14/F14*100,1)) | U14: =IF(Q14="","",IF(Q14>=1,"🔥 قوی",IF(Q14>=0.5,"🟢 نرمال","🔴 ضعیف")))
... A42: 40 | P42: =IF(G42=0,"",ROUND((I42+J42+K42+L42)/G42*100,2)) | Q42: =IF(G42=0,"",ROUND(L42/G42*100,2)) | R42: =IF(G42=0,"",ROUND(I42/G42*100,2)) | S42: =IF(G42=0,"",ROUND(K42/G42*100,2)) | T42: =IF(OR(F42=0,M42=""),"",ROUND(M42/F42*100,1)) | U42: =IF(Q42="","",IF(Q42>=1,"🔥 قوی",IF(Q42>=0.5,"🟢 نرمال","🔴 ضعیف")))

Sheet داشبورد KPI
A1: 🎛️ داشبورد KPI — خودکار از شیت «ثبت عملکرد» می‌خواند
A2: شاخص | B2: مقدار | C2: آستانه تجربی 🔎 | D2: وضعیت | E2: سیگنال رسمی؟ | F2: اقدام پیشنهادی
A3: تعداد پست ثبت‌شده | B3: =COUNTA('ثبت عملکرد'!C3:C42) | C3: — | D3: — | E3: — | F3: ثبات مهم‌تر از حجم است
A4: Reach کل | B4: =SUM('ثبت عملکرد'!G3:G42) | C4: — | D4: — | E4: — | F4: مبنای همه نسبت‌ها
A5: Views کل | B5: =SUM('ثبت عملکرد'!H3:H42) | C5: — | D5: — | E5: — | F5: Views جایگزین Impressions شده
A6: میانگین Watch Time Ratio ٪ | B6: =IFERROR(ROUND(AVERAGE('ثبت عملکرد'!T3:T42),1),"—") | C6: بالای ۶۰٪ = خوب | D6: =IF(B6="—","—",IF(B6>=60,"🟢 خوب",IF(B6>=40,"🟡 متوسط","🔴 ضعیف"))) | E6: ✅ بله (سیگنال ۱) | F6: زیر ۴۰٪: هوک ۳ ثانیه اول را بازنویسی و با Trial Reels تست کن
A7: میانگین Sends per Reach ٪ | B7: =IFERROR(ROUND(AVERAGE('ثبت عملکرد'!Q3:Q42),2),"—") | C7: بالای ۱٪ = قوی | D7: =IF(B7="—","—",IF(B7>=1,"🟢 قوی",IF(B7>=0.5,"🟡 نرمال","🔴 ضعیف"))) | E7: ✅ بله (سیگنال ۲) | F7: زیر ۰.۵٪: CTA ارسال را مخاطب‌محور کن («کسی که … دارد»)
A8: میانگین Likes per Reach ٪ | B8: =IFERROR(ROUND(AVERAGE('ثبت عملکرد'!R3:R42),2),"—") | C8: مقایسه با خط پایه خودتان | D8: — | E8: ✅ بله (سیگنال ۳) | F8: بیشتر برای محتوای فالوورمحور مهم است
A9: میانگین Saves per Reach ٪ | B9: =IFERROR(ROUND(AVERAGE('ثبت عملکرد'!S3:S42),2),"—") | C9: بالای ۱٪ = ارزش مرجعی | D9: — | E9: 🔎 غیررسمی | F9: بالا بودن یعنی محتوای مرجع می‌سازید؛ سریالش کنید
A10: میانگین ER بر Reach ٪ | B10: =IFERROR(ROUND(AVERAGE('ثبت عملکرد'!P3:P42),2),"—") | C10: کاروسل ~۰.۵٪ / ریلز ~۰.۵٪ | D10: — | E10: 🔎 غیررسمی | F10: با خط پایه ۹۰ روزه خودتان مقایسه کنید
A11: کل بازدید پروفایل | B11: =SUM('ثبت عملکرد'!N3:N42) | C11: — | D11: — | E11: — | F11: ورودی قیف تبدیل
A12: کل فالوور جدید | B12: =SUM('ثبت عملکرد'!O3:O42) | C12: — | D12: — | E12: — | F12: خروجی قیف
A13: نرخ تبدیل پروفایل به فالو ٪ | B13: =IF(B11=0,"—",ROUND(B12/B11*100,1)) | C13: ۵–۱۵٪ نرمال | D13: =IF(B13="—","—",IF(B13>=15,"🟢 عالی",IF(B13>=5,"🟡 نرمال","🔴 بیو ضعیف"))) | E13: — | F13: زیر ۵٪: بیو و سه پست اول گرید را بازنویسی کن
A14: کل ارسال (Sends) | B14: =SUM('ثبت عملکرد'!L3:L42) | C14: — | D14: — | E14: ✅ بله | F14: موتور اصلی ریچ غیرفالوور
A15: کل ذخیره | B15: =SUM('ثبت عملکرد'!K3:K42) | C15: — | D15: — | E15: 🔎 غیررسمی | F15: سیگنال ارزش ماندگار

Sheet SEO و هشتگ
A1: 🔍 نقشه کلمات کلیدی و هشتگ (قوانین ۲۰۲۶)
A2: مکان | B2: کلمه کلیدی فعلی | C2: کلمه کلیدی پیشنهادی | D2: اهمیت | E2: وضعیت | F2: یادداشت
A3: نام پروفایل (Name field) | D3: 🔴 بحرانی | F3: در جستجوی داخل اپ ایندکس می‌شود
A4: بیو | D4: 🔴 بحرانی | F4: توصیه رسمی Instagram: کلمه کلیدی و موقعیت در بیو
A5: خط اول کپشن | D5: 🔴 بحرانی | F5: متن واردشده در جستجو قوی‌ترین سیگنال است
A6: متن روی تصویر / زیرنویس | D6: 🟡 مهم | F6: به تشخیص محتوای ویدیو کمک می‌کند
A7: Alt text | D7: 🟡 مهم | F7: برای پست‌های تصویری
A8: لوکیشن | D8: 🟡 مهم | F8: برای کسب‌وکار محلی
A9: کامنت | B9: — | C9: ❌ کلمه کلیدی اینجا نگذارید | D9: ❌ بی‌اثر | F9: توصیه رسمی: در کپشن، نه کامنت
A10: Google Search Console | D10: 🟡 فرصت | F10: platform property را وصل کنید تا کوئری‌های گوگل را ببینید
A11: تنظیم ایندکس گوگل | D11: 🟡 آگاهانه | F11: پیش‌فرض: فعال. آگاهانه تصمیم بگیرید
A13: قوانین هشتگ ۲۰۲۶
A14: • سقف ۵ هشتگ در هر پست — از ۱۸ دسامبر ۲۰۲۵ توسط خود محصول اعمال می‌شود ✅
A15: • هشتگ اهرم ریچ نیست؛ فقط سیگنال موضوع است ✅
A16: • ترکیب پیشنهادی: ۱ نیچ اصلی + ۲ موضوع پست + ۱ محلی + ۱ برند
A17: • کلمه کلیدی در کپشن اثر بیشتری از حجم هشتگ دارد
A18: • دلیل رسمی: «هشتگ کمتر و هدفمندتر، هم عملکرد محتوا و هم تجربه کاربر را بهتر می‌کند»

Sheet حسابرسی پیج
A1: 🩻 حسابرسی پیج — وضعیت هر مورد را از فهرست انتخاب کنید
A2: بخش | B2: مورد | C2: اهمیت | D2: وضعیت | E2: اقدام اصلاحی | F2: مسئول
A3: ۱. سلامت حساب | B3: Account Status پاک است (صلاحیت توصیه) | C3: بحرانی
A4: ۱. سلامت حساب | B4: پست‌های ۳۰ روز اخیر اورجینال‌اند (بدون واترمارک/ری‌پست خام) | C4: بحرانی
A5: ۱. سلامت حساب | B5: حساب Professional است و Insights فعال است | C5: بحرانی
A6: ۱. سلامت حساب | B6: Recommendations Guidelines نقض نشده | C6: بحرانی
A7: ۲. پروفایل | B7: نام پروفایل شامل کلمه کلیدی است | C7: زیاد
A8: ۲. پروفایل | B8: بیو: چه‌کار / برای که / اثبات / CTA | C8: زیاد
A9: ۲. پروفایل | B9: لینک فعال و درست | C9: زیاد
A10: ۲. پروفایل | B10: دسته‌بندی و دکمه تماس درست | C10: متوسط
A11: ۳. گرید | B11: سه پست اول پیام اصلی را می‌رسانند | C11: زیاد
A12: ۳. گرید | B12: کاورها متن خوانا دارند | C12: زیاد
A13: ۳. گرید | B13: هایلایت «نتایج/رضایت مشتری» وجود دارد | C13: زیاد
A14: ۴. محتوا | B14: ریلزها صدا/موزیک دارند | C14: زیاد
... A29: ۷. تبدیل | B29: مسیر خرید روشن است (پست تا پرداخت) | C29: زیاد
A31: امتیاز سلامت پیج (از ۱۰۰) | B31: =ROUND((COUNTIF(D3:D29,"✅ سالم")*1+COUNTIF(D3:D29,"⚠️ نیاز به بهبود")*0.5)/27*100,0)
A32: تعداد موارد بحرانی | B32: =COUNTIF(D3:D29,"❌ بحرانی")
A33: تعداد موارد بررسی‌نشده | B33: =COUNTBLANK(D3:D29)
